model,target,MAE,RMSE,R2,MAPE_%
Naive,5min,0.07559,0.21062,-0.84523,0.36287
Ridge,5min,0.07274,0.15389,0.0149,0.34948
RandomForest,5min,0.05572,0.14126,0.17001,0.26782
XGBoost,5min,0.06629,0.14623,0.11055,0.31822
Naive,10min,0.08727,0.21205,-0.87017,0.41886
Ridge,10min,0.07603,0.15831,-0.04241,0.36536
RandomForest,10min,0.06069,0.14449,0.1317,0.29173
XGBoost,10min,0.07447,0.15222,0.03629,0.35755
